PrimaryID	fracHelix	fracSheet	fracBend	fracLoop
P21954	0.432242990654	0.205607476636	0.154205607477	0.168224299065
P03962	0.438202247191	0.142322097378	0.149812734082	0.213483146067
P38319	0.216911764706	0.215073529412	0.152573529412	0.196691176471
P03069	0.0996441281139	0.0	0.0	0.00711743772242
P53131	0.431551499348	0.161668839635	0.202086049544	0.189048239896
P26449	0.0410557184751	0.516129032258	0.240469208211	0.181818181818
P53930	0.0530973451327	0.287610619469	0.110619469027	0.185840707965
P50264	0.356299212598	0.181102362205	0.228346456693	0.21062992126
P00817	0.170731707317	0.306620209059	0.292682926829	0.212543554007
P21242	0.322916666667	0.215277777778	0.1875	0.114583333333
Q07540	0.16091954023	0.183908045977	0.189655172414	0.109195402299
P00924	0.448512585812	0.176201372998	0.185354691076	0.187643020595
P22139	0.442857142857	0.0142857142857	0.214285714286	0.257142857143
Q07688	0.62874251497	0.0	0.161676646707	0.179640718563
P00431	0.409972299169	0.0609418282548	0.168975069252	0.16620498615
P23639	0.332	0.26	0.216	0.192
P08518	0.239379084967	0.187908496732	0.237745098039	0.243464052288
P25451	0.317073170732	0.326829268293	0.170731707317	0.180487804878
P25299	0.0743243243243	0.108108108108	0.0506756756757	0.0608108108108
Q03656	0.177897574124	0.0916442048518	0.099730458221	0.103773584906
P50623	0.337579617834	0.203821656051	0.222929936306	0.222929936306
P03882	0.421276595745	0.191489361702	0.140425531915	0.195744680851
P22289	0.545454545455	0.0	0.181818181818	0.106060606061
P40422	0.0	0.0571428571429	0.171428571429	0.4
P08525	0.468085106383	0.0957446808511	0.202127659574	0.223404255319
Q12420	0.0170357751278	0.0	0.00340715502555	0.015332197615
P22216	0.0219244823386	0.0487210718636	0.0779537149817	0.0730816077954
P09620	0.222222222222	0.141289437586	0.178326474623	0.120713305898
P20457	0.214015151515	0.0	0.0681818181818	0.0833333333333
Q03818	0.386666666667	0.0	0.0	0.0133333333333
P32324	0.359857482185	0.25296912114	0.200712589074	0.166270783848
Q08236	0.0195578231293	0.0289115646259	0.00680272108844	0.0297619047619
P25043	0.249042145594	0.298850574713	0.137931034483	0.164750957854
P32628	0.103015075377	0.0	0.0125628140704	0.0226130653266
P38077	0.430868167203	0.0868167202572	0.138263665595	0.135048231511
Q12051	0.671641791045	0.00597014925373	0.0776119402985	0.110447761194
P20434	0.348837209302	0.209302325581	0.246511627907	0.190697674419
Q12395	0.0855018587361	0.0	0.0817843866171	0.0446096654275
P38817	0.0	0.116239316239	0.0324786324786	0.042735042735
Q12517	0.151515151515	0.268398268398	0.108225108225	0.168831168831
Q08282	0.260431654676	0.273381294964	0.202877697842	0.231654676259
P0CX29	0.0	0.0965517241379	0.255172413793	0.448275862069
P00445	0.0194805194805	0.344155844156	0.350649350649	0.279220779221
P31787	0.666666666667	0.0	0.137931034483	0.183908045977
P25454	0.31	0.1225	0.1525	0.1475
P04806	0.40412371134	0.162886597938	0.226804123711	0.175257731959
P38968	0.172034564022	0.00942655145326	0.0353495679497	0.0416339355852
P32844	0.352795031056	0.00496894409938	0.0670807453416	0.0670807453416
P40032	0.260869565217	0.22049689441	0.163043478261	0.22049689441
P38862	0.112698412698	0.155555555556	0.0761904761905	0.0888888888889
P30656	0.268292682927	0.254355400697	0.114982578397	0.101045296167
Q06835	0.121495327103	0.18691588785	0.345794392523	0.345794392523
P40486	0.402366863905	0.0335305719921	0.0769230769231	0.128205128205
P25294	0.0369318181818	0.102272727273	0.0653409090909	0.142045454545
P53165	0.0395738203957	0.0152207001522	0.0289193302892	0.0471841704718
P32379	0.346153846154	0.242307692308	0.188461538462	0.153846153846
P32357	0.360563380282	0.140845070423	0.16338028169	0.180281690141
P16370	0.216981132075	0.235849056604	0.176100628931	0.207547169811
P23202	0.420903954802	0.0480225988701	0.158192090395	0.104519774011
P38624	0.344186046512	0.320930232558	0.125581395349	0.120930232558
Q01855	0.302816901408	0.119718309859	0.211267605634	0.316901408451
P04050	0.32487016734	0.131563762262	0.199653779573	0.166185804962
P27999	0.0	0.204918032787	0.311475409836	0.434426229508
Q08914	0.405063291139	0.177215189873	0.2194092827	0.189873417722
P28834	0.386111111111	0.213888888889	0.180555555556	0.158333333333
P38894	0.0167441860465	0.093023255814	0.0632558139535	0.066976744186
P23724	0.261410788382	0.290456431535	0.170124481328	0.199170124481
P38830	0.0717703349282	0.189792663477	0.0845295055821	0.116427432217
P20436	0.0	0.390410958904	0.239726027397	0.280821917808
P05738	0.198952879581	0.434554973822	0.198952879581	0.167539267016
P07251	0.36880733945	0.194495412844	0.17247706422	0.146788990826
P27809	0.348416289593	0.101809954751	0.153846153846	0.153846153846
Q10740	0.375558867362	0.177347242921	0.211624441133	0.169895678092
P04456	0.12676056338	0.0	0.154929577465	0.380281690141
P40477	0.0130136986301	0.0	0.0013698630137	0.00342465753425
Q04740	0.0431034482759	0.0373563218391	0.0287356321839	0.0258620689655
Q00955	0.121361397223	0.0631437527989	0.0609046126288	0.0568741603224
P32776	0.0420560747664	0.0716510903427	0.0311526479751	0.0342679127726
P22141	0.338383838384	0.333333333333	0.161616161616	0.166666666667
P23638	0.356589147287	0.213178294574	0.18992248062	0.186046511628
P21243	0.353174603175	0.18253968254	0.210317460317	0.218253968254
P17157	0.354098360656	0.12131147541	0.170491803279	0.288524590164
P06169	0.403197158082	0.17406749556	0.186500888099	0.202486678508
P07143	0.31715210356	0.0582524271845	0.194174757282	0.223300970874
P0C0W9	0.126436781609	0.0402298850575	0.327586206897	0.454022988506
Q12404	0.301886792453	0.166666666667	0.210691823899	0.160377358491
P32773	0.136363636364	0.0	0.0104895104895	0.013986013986
P34077	0.466030989273	0.0119189511323	0.106078665077	0.0941597139452
P20435	0.161290322581	0.0774193548387	0.141935483871	0.161290322581
Q06449	0.0139534883721	0.13488372093	0.0511627906977	0.0651162790698
P53919	0.0223577235772	0.0752032520325	0.0426829268293	0.0650406504065
P18962	0.0122249388753	0.0	0.00733496332518	0.00488997555012
Q08745	0.352380952381	0.104761904762	0.219047619048	0.238095238095
P39008	0.26558891455	0.0877598152425	0.131639722864	0.122401847575
P14737	0.0	0.0	0.0	0.00534759358289
P25604	0.127272727273	0.0	0.0155844155844	0.00779220779221
P02406	0.255033557047	0.134228187919	0.375838926174	0.228187919463
P33322	0.213250517598	0.213250517598	0.153209109731	0.159420289855
P40303	0.350393700787	0.224409448819	0.192913385827	0.181102362205
P04387	0.298850574713	0.241379310345	0.183908045977	0.158620689655
P0CX41	0.0729927007299	0.21897810219	0.240875912409	0.408759124088
P32639	0.0610263522885	0.0305131761442	0.0263522884882	0.0323624595469
Q01159	0.226579520697	0.228758169935	0.193899782135	0.193899782135
P19659	0.0619796484736	0.0	0.00925069380204	0.00740055504163
P54999	0.0813953488372	0.453488372093	0.151162790698	0.116279069767
P09624	0.324649298597	0.266533066132	0.212424849699	0.154308617234
P40302	0.367521367521	0.282051282051	0.188034188034	0.15811965812
Q12178	0.449367088608	0.183544303797	0.145569620253	0.183544303797
P16603	0.314037626628	0.169319826339	0.232995658466	0.211287988423
P22803	0.394230769231	0.288461538462	0.211538461538	0.105769230769
P21524	0.333333333333	0.0900900900901	0.147522522523	0.153153153153
P32449	0.356756756757	0.186486486486	0.178378378378	0.183783783784
Q12476	0.0261627906977	0.00872093023256	0.0697674418605	0.0813953488372
P15454	0.27807486631	0.224598930481	0.197860962567	0.213903743316
P34087	0.105263157895	0.461988304094	0.233918128655	0.198830409357
P43619	0.376271186441	0.176271186441	0.159322033898	0.193220338983
Q01532	0.409937888199	0.165631469979	0.190476190476	0.180124223602
Q12318	0.301652892562	0.169421487603	0.177685950413	0.223140495868
P47074	0.0233009708738	0.00776699029126	0.021359223301	0.031067961165
P40013	0.232558139535	0.0	0.0116279069767	0.0203488372093
P00128	0.692913385827	0.0	0.110236220472	0.181102362205
P27472	0.419858156028	0.126241134752	0.21134751773	0.147517730496
P41807	0.692468619247	0.0	0.140167364017	0.102510460251
P11986	0.317073170732	0.251407129456	0.180112570356	0.215759849906
Q04049	0.330696202532	0.145569620253	0.175632911392	0.153481012658
P38902	0.333333333333	0.2	0.233333333333	0.183333333333
P36136	0.357933579336	0.169741697417	0.184501845018	0.247232472325
P05453	0.0	0.0	0.0	0.00875912408759
P28241	0.365853658537	0.208672086721	0.184281842818	0.178861788618
P13393	0.183333333333	0.241666666667	0.158333333333	0.166666666667
Q12109	0.458333333333	0.101851851852	0.166666666667	0.208333333333
P0CX39	0.265	0.23	0.175	0.27
P11914	0.412863070539	0.159751037344	0.176348547718	0.195020746888
P20433	0.361990950226	0.0361990950226	0.180995475113	0.226244343891
Q04894	0.269444444444	0.252777777778	0.241666666667	0.236111111111
P53853	0.397727272727	0.117424242424	0.17803030303	0.113636363636
Q02753	0.10625	0.0125	0.275	0.35
P23615	0.310820124052	0.0551343900758	0.113714679531	0.101309441764
Q04081	0.515243902439	0.15243902439	0.158536585366	0.146341463415
P38825	0.596244131455	0.0	0.0782472613459	0.0798122065728
P53686	0.330532212885	0.128851540616	0.151260504202	0.187675070028
P17255	0.101774042951	0.131652661064	0.077497665733	0.0859010270775
P19097	0.0233174350821	0.0158982511924	0.00741918388977	0.0100688924218
P00830	0.358121330724	0.180039138943	0.189823874755	0.187866927593
P39517	0.310276679842	0.132411067194	0.156126482213	0.146245059289
P00044	0.394495412844	0.0183486238532	0.238532110092	0.339449541284
P48510	0.0804289544236	0.0	0.0241286863271	0.0187667560322
Q04299	0.390845070423	0.112676056338	0.179577464789	0.193661971831
P0CG63	0.0367454068241	0.0629921259843	0.0472440944882	0.0524934383202
P24280	0.486842105263	0.0921052631579	0.200657894737	0.194078947368
P07250	0.29014084507	0.169014084507	0.0985915492958	0.154929577465
P52490	0.339869281046	0.222222222222	0.241830065359	0.18954248366
P16474	0.199413489736	0.149560117302	0.107038123167	0.0821114369501
P46673	0.389784946237	0.0282258064516	0.126344086022	0.110215053763
P16521	0.454980842912	0.133141762452	0.195402298851	0.147509578544
P16892	0.371104815864	0.130311614731	0.175637393768	0.263456090652
P36046	0.36476426799	0.158808933002	0.200992555831	0.151364764268
P30657	0.266917293233	0.266917293233	0.176691729323	0.165413533835
P39077	0.419475655431	0.0917602996255	0.224719101124	0.2265917603
Q05016	0.460674157303	0.194756554307	0.187265917603	0.157303370787
P40165	0.357723577236	0.154471544715	0.239837398374	0.235772357724
P02994	0.211790393013	0.334061135371	0.224890829694	0.185589519651
P32179	0.380952380952	0.201680672269	0.221288515406	0.187675070028
O13516	0.274111675127	0.010152284264	0.309644670051	0.203045685279
P14743	0.257142857143	0.257142857143	0.210989010989	0.202197802198
P32626	0.436123348018	0.123348017621	0.211453744493	0.215859030837
Q12154	0.367231638418	0.0875706214689	0.16384180791	0.172316384181
P43591	0.362606232295	0.186968838527	0.206798866856	0.172804532578
P0CX84	0.316666666667	0.0	0.141666666667	0.108333333333
P42949	0.328859060403	0.0	0.0402684563758	0.0671140939597
P36010	0.418300653595	0.169934640523	0.156862745098	0.202614379085
P61829	0.802631578947	0.0	0.118421052632	0.0526315789474
P00942	0.451612903226	0.157258064516	0.153225806452	0.233870967742
Q03148	0.417508417508	0.111111111111	0.225589225589	0.191919191919
P32380	0.0349576271186	0.0	0.00317796610169	0.00953389830508
P07884	0.448598130841	0.109813084112	0.226635514019	0.154205607477
P00330	0.281609195402	0.293103448276	0.227011494253	0.195402298851
P00175	0.294416243655	0.082910321489	0.126903553299	0.159052453469
P06786	0.214985994398	0.0798319327731	0.108543417367	0.101540616246
P39081	0.162939297125	0.0	0.0399361022364	0.0255591054313
P32657	0.192779291553	0.066757493188	0.104904632153	0.109673024523
P21306	0.274193548387	0.145161290323	0.258064516129	0.274193548387
P17065	0.140974967062	0.0	0.00263504611331	0.00263504611331
P38304	0.0448430493274	0.0	0.00896860986547	0.0448430493274
P29029	0.160142348754	0.103202846975	0.137010676157	0.103202846975
P11978	0.0515463917526	0.0	0.00220913107511	0.00147275405007
Q03071	0.464646464646	0.161616161616	0.20202020202	0.171717171717
Q12149	0.230559345157	0.0491132332879	0.114597544338	0.137789904502
P40484	0.363057324841	0.0286624203822	0.12101910828	0.143312101911
P32325	0.0681818181818	0.0213068181818	0.0255681818182	0.03125
P0CX86	0.8	0.0	0.08	0.12
P15873	0.197674418605	0.453488372093	0.174418604651	0.15503875969
P40579	0.484251968504	0.133858267717	0.153543307087	0.208661417323
Q06549	0.302816901408	0.197183098592	0.211267605634	0.232394366197
P47822	0.678571428571	0.0	0.0642857142857	0.0714285714286
P10507	0.4329004329	0.190476190476	0.168831168831	0.166666666667
P32570	0.380165289256	0.0	0.231404958678	0.115702479339
P34164	0.0915662650602	0.0650602409639	0.0265060240964	0.0674698795181
P03870	0.472813238771	0.130023640662	0.186761229314	0.156028368794
P53843	0.446308724832	0.0	0.0906040268456	0.0738255033557
P53051	0.329371816638	0.18505942275	0.259762308998	0.220713073005
P19524	0.169631512071	0.0	0.0311308767471	0.0470139771283
P25651	0.210526315789	0.168421052632	0.0421052631579	0.105263157895
P0CX35	0.141762452107	0.268199233716	0.291187739464	0.295019157088
Q07930	0.0637254901961	0.269607843137	0.166666666667	0.205882352941
P32835	0.223744292237	0.219178082192	0.200913242009	0.141552511416
P46655	0.137005649718	0.0225988700565	0.0607344632768	0.0296610169492
P21691	0.0305810397554	0.0626911314985	0.0474006116208	0.0382262996942
Q99176	0.676056338028	0.00469483568075	0.0704225352113	0.1220657277
Q12287	0.391304347826	0.0	0.202898550725	0.405797101449
P40011	0.34188034188	0.277777777778	0.188034188034	0.188034188034
P32361	0.157847533632	0.0412556053812	0.0959641255605	0.0798206278027
P53757	0.0672514619883	0.438596491228	0.271929824561	0.204678362573
P42937	0.405405405405	0.182432432432	0.222972972973	0.162162162162
Q08649	0.213483146067	0.155056179775	0.110112359551	0.141573033708
P07267	0.123456790123	0.385185185185	0.175308641975	0.128395061728
Q04477	0.1220657277	0.056338028169	0.0516431924883	0.0469483568075
P32499	0.0	0.0	0.00694444444444	0.0152777777778
P32917	0.0119956379498	0.0	0.00981461286805	0.00436205016358
P36130	0.0311041990669	0.0	0.0155520995334	0.0233281493002
P38182	0.282051282051	0.222222222222	0.222222222222	0.222222222222
P06103	0.0353866317169	0.0	0.00262123197903	0.0131061598952
P53551	0.135658914729	0.031007751938	0.0736434108527	0.062015503876
P14120	0.457142857143	0.180952380952	0.161904761905	0.190476190476
P38636	0.287671232877	0.356164383562	0.191780821918	0.150684931507
P07256	0.415754923414	0.168490153173	0.199124726477	0.159737417943
P39928	0.0483606557377	0.0180327868852	0.0172131147541	0.0213114754098
P49166	0.227272727273	0.102272727273	0.397727272727	0.261363636364
P32447	0.0645161290323	0.275985663082	0.111111111111	0.136200716846
P05748	0.186274509804	0.0588235294118	0.367647058824	0.303921568627
P11353	0.271341463415	0.201219512195	0.0884146341463	0.106707317073
Q04089	0.276632302405	0.104810996564	0.120274914089	0.149484536082
P00572	0.449074074074	0.134259259259	0.194444444444	0.166666666667
P40413	0.485765124555	0.135231316726	0.161921708185	0.169039145907
Q99278	0.6	0.0173913043478	0.0434782608696	0.0260869565217
P39683	0.438228438228	0.172494172494	0.172494172494	0.184149184149
P53152	0.167883211679	0.204379562044	0.335766423358	0.277372262774
P0CX23	0.226744186047	0.31976744186	0.209302325581	0.244186046512
P34162	0.242857142857	0.342857142857	0.166666666667	0.185714285714
P14126	0.142118863049	0.263565891473	0.258397932817	0.333333333333
P05759	0.0	0.0921052631579	0.131578947368	0.243421052632
Q12158	0.065371024735	0.0212014134276	0.0194346289753	0.017667844523
P29056	0.0704697986577	0.00167785234899	0.0184563758389	0.0302013422819
P07560	0.297674418605	0.218604651163	0.144186046512	0.120930232558
Q12483	0.532188841202	0.0901287553648	0.19313304721	0.0987124463519
P06367	0.240875912409	0.255474452555	0.204379562044	0.233576642336
P46672	0.215425531915	0.0	0.0505319148936	0.0558510638298
P13134	0.127764127764	0.158476658477	0.157248157248	0.142506142506
Q02630	0.0179694519317	0.0359389038634	0.0458221024259	0.0314465408805
P04037	0.0	0.0967741935484	0.109677419355	0.141935483871
P40485	0.0262390670554	0.0626822157434	0.0320699708455	0.0422740524781
P20676	0.00278810408922	0.0	0.00557620817844	0.0185873605948
P0CX37	0.25	0.245762711864	0.203389830508	0.224576271186
P31373	0.378172588832	0.149746192893	0.269035532995	0.200507614213
P11746	0.153846153846	0.0384615384615	0.0314685314685	0.0594405594406
P02829	0.124118476728	0.0662905500705	0.0409026798307	0.0662905500705
P32911	0.222222222222	0.212962962963	0.185185185185	0.37962962963
Q12125	0.666666666667	0.0416666666667	0.105769230769	0.0865384615385
Q01217	0.150637311703	0.0741599073001	0.0440324449594	0.0683661645423
P47076	0.204968944099	0.0621118012422	0.0248447204969	0.0683229813665
P32589	0.366522366522	0.253968253968	0.157287157287	0.124098124098
Q05871	0.489285714286	0.157142857143	0.171428571429	0.15
P43577	0.352201257862	0.358490566038	0.119496855346	0.138364779874
P49687	0.182232346241	0.0174639331815	0.0668185269552	0.0523917995444
Q03759	0.314285714286	0.247619047619	0.180952380952	0.257142857143
P23833	0.196610169492	0.108474576271	0.138983050847	0.169491525424
P0C2H8	0.265486725664	0.274336283186	0.16814159292	0.256637168142
P04786	0.0884265279584	0.0546163849155	0.0481144343303	0.0949284785436
P10081	0.359493670886	0.162025316456	0.182278481013	0.222784810127
P19812	0.00512820512821	0.00820512820513	0.0123076923077	0.0153846153846
Q02326	0.193181818182	0.159090909091	0.1875	0.346590909091
Q12018	0.0478527607362	0.0122699386503	0.0110429447853	0.0122699386503
P04802	0.27289048474	0.228007181329	0.177737881508	0.195691202873
P27616	0.326797385621	0.248366013072	0.202614379085	0.199346405229
P07257	0.388586956522	0.195652173913	0.190217391304	0.182065217391
P32505	0.133333333333	0.0	0.0266666666667	0.0247619047619
P08536	0.371819960861	0.180039138943	0.217221135029	0.228962818004
P53974	0.0	0.0	0.00940438871473	0.0188087774295
P33332	0.0306886227545	0.0434131736527	0.0247005988024	0.0217065868263
Q02206	0.2688	0.0064	0.096	0.0976
P29468	0.406690140845	0.156690140845	0.191901408451	0.176056338028
P29366	0.021778584392	0.0344827586207	0.0562613430127	0.0834845735027
P53848	0.228155339806	0.14927184466	0.134708737864	0.110436893204
Q08224	0.513611615245	0.107078039927	0.141560798548	0.179673321234
P00549	0.376	0.156	0.208	0.234
P08638	0.0372460496614	0.0	0.0112866817156	0.0282167042889
P32288	0.259459459459	0.240540540541	0.224324324324	0.183783783784
Q02767	0.285123966942	0.00826446280992	0.0371900826446	0.0578512396694
P26783	0.444444444444	0.0444444444444	0.231111111111	0.195555555556
P43555	0.0426966292135	0.226966292135	0.107865168539	0.121348314607
Q03337	0.286219081272	0.0671378091873	0.102473498233	0.134275618375
Q06389	0.536842105263	0.0526315789474	0.236842105263	0.173684210526
P53141	0.302013422819	0.0402684563758	0.107382550336	0.0671140939597
P0CX25	0.423913043478	0.119565217391	0.228260869565	0.217391304348
P31116	0.364902506964	0.194986072423	0.239554317549	0.197771587744
Q03103	0.376554174067	0.0390763765542	0.14920071048	0.0994671403197
P53011	0.0171919770774	0.45558739255	0.206303724928	0.194842406877
Q6WNK7	0.729166666667	0.0	0.09375	0.0729166666667
P40368	0.0841514726508	0.215988779804	0.164095371669	0.162692847125
P53632	0.255136986301	0.0770547945205	0.138698630137	0.0821917808219
Q6Q547	0.0	0.0344827586207	0.551724137931	0.413793103448
P38116	0.311475409836	0.27868852459	0.267759562842	0.114754098361
P52491	0.340425531915	0.170212765957	0.212765957447	0.260638297872
P0CX55	0.27397260274	0.0	0.308219178082	0.239726027397
P38998	0.356568364611	0.134048257373	0.225201072386	0.26273458445
P00163	0.701298701299	0.0207792207792	0.179220779221	0.0987012987013
Q06385	0.431884057971	0.0521739130435	0.16231884058	0.173913043478
Q03322	0.348214285714	0.0	0.0	0.0178571428571
P38144	0.133746678477	0.0	0.0496014171833	0.0620017714792
P48582	0.29028436019	0.010663507109	0.0592417061611	0.074644549763
P07248	0.00831443688587	0.00151171579743	0.00453514739229	0.00755857898715
P05749	0.223140495868	0.231404958678	0.206611570248	0.165289256198
P12904	0.39751552795	0.22049689441	0.195652173913	0.149068322981
P13382	0.0435967302452	0.017029972752	0.033378746594	0.0286103542234
P33734	0.326086956522	0.226449275362	0.190217391304	0.213768115942
P06701	0.0521472392638	0.0685071574642	0.0327198364008	0.0337423312883
P0CX82	0.671957671958	0.031746031746	0.15873015873	0.132275132275
P17076	0.23046875	0.0078125	0.28125	0.15625
P16649	0.0182328190743	0.249649368864	0.120617110799	0.0995792426367
Q12165	0.03125	0.0	0.0125	0.025
P38074	0.221264367816	0.350574712644	0.195402298851	0.149425287356
P38013	0.261363636364	0.278409090909	0.227272727273	0.221590909091
P20486	0.253333333333	0.153333333333	0.14	0.206666666667
Q06135	0.291891891892	0.133333333333	0.198198198198	0.223423423423
P47142	0.326732673267	0.0693069306931	0.267326732673	0.217821782178
P43558	0.215946843854	0.116279069767	0.142857142857	0.106312292359
P38995	0.0169322709163	0.0219123505976	0.0189243027888	0.0139442231076
Q03067	0.252525252525	0.0	0.0	0.030303030303
Q99257	0.0617696160267	0.0	0.0200333889816	0.0133555926544
Q04432	0.409282700422	0.164556962025	0.2194092827	0.194092827004
P40037	0.294573643411	0.286821705426	0.178294573643	0.193798449612
Q07807	0.277588168373	0.0	0.0807736063709	0.0318543799772
P06782	0.148499210111	0.0552922590837	0.0679304897314	0.0963665086888
P00950	0.404858299595	0.12955465587	0.198380566802	0.218623481781
P0CE41	0.0279627163782	0.0	0.00798934753662	0.0146471371505
Q06263	0.136363636364	0.0	0.0121212121212	0.0121212121212
P39935	0.0336134453782	0.00105042016807	0.0252100840336	0.0451680672269
P12954	0.00596252129472	0.00425894378194	0.00170357751278	0.00596252129472
P40454	0.455470737913	0.0203562340967	0.152671755725	0.152671755725
Q02821	0.575645756458	0.0	0.138376383764	0.0959409594096
P18408	0.44061302682	0.114942528736	0.199233716475	0.229885057471
P61830	0.0808823529412	0.492647058824	0.205882352941	0.176470588235
Q03330	0.161731207289	0.0	0.0569476082005	0.0318906605923
P40347	0.422360248447	0.149068322981	0.192546583851	0.211180124224
P41697	0.144670050761	0.0	0.00507614213198	0.00888324873096
P47025	0.126050420168	0.0	0.0294117647059	0.0336134453782
P38777	0.382716049383	0.17695473251	0.197530864198	0.218106995885
P35127	0.326271186441	0.203389830508	0.173728813559	0.203389830508
P22213	0.430930930931	0.114114114114	0.163663663664	0.174174174174
Q08162	0.306693306693	0.208791208791	0.181818181818	0.21978021978
P36151	0.349431818182	0.167613636364	0.247159090909	0.235795454545
P50086	0.539473684211	0.00877192982456	0.214912280702	0.232456140351
P04385	0.429924242424	0.170454545455	0.149621212121	0.206439393939
Q12186	0.0	0.0	0.00420168067227	0.0105042016807
P38230	0.320359281437	0.284431137725	0.203592814371	0.179640718563
P25339	0.263513513514	0.0	0.0777027027027	0.018018018018
P05750	0.225	0.0833333333333	0.233333333333	0.245833333333
P36149	0.445595854922	0.0777202072539	0.19170984456	0.248704663212
P32585	0.208469055375	0.28013029316	0.123778501629	0.14332247557
Q02724	0.157809983897	0.0595813204509	0.0789049919485	0.0563607085346
P23254	0.454411764706	0.135294117647	0.213235294118	0.194117647059
P43596	0.317662007624	0.0381194409149	0.193138500635	0.203303684879
P22217	0.233009708738	0.145631067961	0.398058252427	0.223300970874
Q12396	0.0225225225225	0.225225225225	0.130630630631	0.11036036036
P28007	0.019512195122	0.219512195122	0.112195121951	0.0975609756098
P28777	0.265957446809	0.175531914894	0.146276595745	0.162234042553
P32178	0.625	0.0	0.18359375	0.17578125
Q00582	0.377419354839	0.229032258065	0.2	0.129032258065
P05737	0.459016393443	0.131147540984	0.172131147541	0.147540983607
P38698	0.463476070529	0.186397984887	0.178841309824	0.16120906801
P23301	0.0445859872611	0.324840764331	0.191082802548	0.273885350318
Q08220	0.378818737271	0.228105906314	0.136456211813	0.181262729124
Q12245	0.263513513514	0.317567567568	0.101351351351	0.175675675676
Q06623	0.190839694656	0.0549618320611	0.10534351145	0.0916030534351
P47079	0.441901408451	0.133802816901	0.158450704225	0.183098591549
P15442	0.0602772754671	0.0301386377336	0.0295358649789	0.0391802290536
P38996	0.0274314214464	0.0311720698254	0.0187032418953	0.0199501246883
P40344	0.0129032258065	0.0	0.00322580645161	0.0161290322581
P33309	0.334196891192	0.264248704663	0.178756476684	0.145077720207
P23542	0.454545454545	0.131578947368	0.205741626794	0.193779904306
P07273	0.042071197411	0.0388349514563	0.0485436893204	0.0970873786408
P49435	0.31550802139	0.288770053476	0.187165775401	0.160427807487
P46669	0.0490797546012	0.223926380368	0.10736196319	0.153374233129
P41695	0.0117531831538	0.00293829578844	0.00979431929481	0.0107737512243
P33442	0.223529411765	0.270588235294	0.176470588235	0.176470588235
P32769	0.162029459902	0.237315875614	0.144026186579	0.183306055646
P52917	0.274599542334	0.0755148741419	0.199084668192	0.160183066362
P05317	0.0865384615385	0.0192307692308	0.173076923077	0.137820512821
P11632	0.47311827957	0.0	0.247311827957	0.279569892473
P49960	0.045045045045	0.0518018018018	0.0518018018018	0.045045045045
Q03629	0.189054726368	0.373134328358	0.154228855721	0.203980099502
P36057	0.282786885246	0.135245901639	0.114754098361	0.135245901639
P53741	0.0776699029126	0.120388349515	0.021359223301	0.0388349514563
P53068	0.132	0.324	0.144	0.12
P0CY08	0.185714285714	0.0380952380952	0.0571428571429	0.0857142857143
P00560	0.358173076923	0.149038461538	0.175480769231	0.144230769231
P25293	0.287769784173	0.115107913669	0.129496402878	0.127098321343
P14908	0.387096774194	0.152492668622	0.199413489736	0.205278592375
P36094	0.162534435262	0.0	0.0110192837466	0.00550964187328
Q12440	0.0515826494725	0.00937866354045	0.0128956623681	0.0128956623681
P15891	0.0793918918919	0.0540540540541	0.0472972972973	0.0540540540541
P32905	0.261904761905	0.126984126984	0.253968253968	0.174603174603
P38348	0.683333333333	0.0	0.120833333333	0.0979166666667
Q03784	0.255707762557	0.132420091324	0.123287671233	0.214611872146
P47123	0.229357798165	0.334862385321	0.146788990826	0.155963302752
P06704	0.534161490683	0.0621118012422	0.167701863354	0.16149068323
P80667	0.0155440414508	0.0932642487047	0.0544041450777	0.0492227979275
P40465	0.464788732394	0.173708920188	0.112676056338	0.154929577465
P06738	0.511086474501	0.138580931264	0.140798226164	0.159645232816
P32523	0.0	0.332007952286	0.157057654076	0.149105367793
Q08230	0.395061728395	0.0	0.0987654320988	0.179012345679
Q04636	0.0742753623188	0.213768115942	0.0724637681159	0.054347826087
P40202	0.124497991968	0.373493975904	0.172690763052	0.208835341365
P27796	0.390887290168	0.189448441247	0.194244604317	0.167865707434
P00127	0.34693877551	0.0	0.0816326530612	0.0748299319728
Q06142	0.785133565621	0.0	0.135888501742	0.0789779326365
P08067	0.237209302326	0.209302325581	0.2	0.213953488372
P35207	0.333333333333	0.0932400932401	0.111888111888	0.140637140637
Q02046	0.3875	0.190625	0.209375	0.203125
P02309	0.0	0.0291262135922	0.0	0.0388349514563
Q12163	0.0127118644068	0.127118644068	0.0550847457627	0.0550847457627
P31412	0.479591836735	0.145408163265	0.15306122449	0.150510204082
P53150	0.137767220903	0.0	0.0332541567696	0.00950118764846
P51996	0.292792792793	0.216216216216	0.126126126126	0.13963963964
P25335	0.0816326530612	0.373177842566	0.218658892128	0.247813411079
P53290	0.260997067449	0.117302052786	0.149560117302	0.143695014663
P17119	0.159122085048	0.126200274348	0.0658436213992	0.0781893004115
Q02890	0.421487603306	0.162534435262	0.168044077135	0.154269972452
Q03497	0.0	0.0	0.00745473908413	0.0181043663472
Q07914	0.25	0.0	0.0595238095238	0.113095238095
P49167	0.217948717949	0.410256410256	0.179487179487	0.179487179487
P36022	0.293255131965	0.0300586510264	0.0940860215054	0.104594330401
P05747	0.406779661017	0.0	0.203389830508	0.372881355932
P53192	0.187234042553	0.0	0.0297872340426	0.0127659574468
P07260	0.262910798122	0.192488262911	0.267605633803	0.276995305164
P40482	0.262419006479	0.17494600432	0.161987041037	0.193304535637
P38999	0.403587443946	0.239910313901	0.195067264574	0.159192825112
P32565	0.577777777778	0.042328042328	0.164021164021	0.114285714286
P07342	0.342066957787	0.136826783115	0.190684133916	0.167394468705
P25344	0.132947976879	0.0	0.0317919075145	0.0375722543353
P38634	0.0	0.0	0.00352112676056	0.0316901408451
P38850	0.081308411215	0.0373831775701	0.0476635514019	0.0542056074766
P22943	0.275229357798	0.0	0.110091743119	0.614678899083
Q12308	0.151360544218	0.31462585034	0.284013605442	0.246598639456
Q12306	0.138613861386	0.277227722772	0.188118811881	0.29702970297
P53889	0.204633204633	0.324324324324	0.158301158301	0.266409266409
P35844	0.251152073733	0.276497695853	0.177419354839	0.193548387097
P38262	0.0130841121495	0.351401869159	0.151401869159	0.136448598131
P42943	0.441818181818	0.0981818181818	0.181818181818	0.203636363636
P32867	0.227586206897	0.0	0.0	0.00689655172414
P52891	0.37741046832	0.00550964187328	0.101928374656	0.0922865013774
P32797	0.0616883116883	0.0573593073593	0.0411255411255	0.0508658008658
P32563	0.00833333333333	0.0	0.0130952380952	0.00833333333333
P54784	0.0612691466083	0.0798687089716	0.0393873085339	0.0328227571116
P40553	0.274418604651	0.176744186047	0.158139534884	0.116279069767
P17967	0.33908045977	0.185823754789	0.201149425287	0.199233716475
Q12046	0.212389380531	0.0825958702065	0.162241887906	0.156342182891
P40014	0.180995475113	0.0814479638009	0.0542986425339	0.0859728506787
P14736	0.258620689655	0.124668435013	0.132625994695	0.149867374005
P52488	0.0283018867925	0.064465408805	0.0440251572327	0.0408805031447
Q08465	0.041095890411	0.0182648401826	0.123287671233	0.0913242009132
P39079	0.435897435897	0.104395604396	0.216117216117	0.21978021978
P53178	0.40099009901	0.19801980198	0.19801980198	0.19801980198
P41057	0.25	0.0892857142857	0.25	0.357142857143
Q04307	0.0	0.1	0.1	0.209090909091
Q99383	0.0805243445693	0.0842696629213	0.0730337078652	0.0749063670412
P40029	0.260869565217	0.222826086957	0.190217391304	0.211956521739
P15705	0.358234295416	0.0	0.044142614601	0.0356536502547
P12689	0.191878172589	0.0893401015228	0.0730964467005	0.0802030456853
P0CH08	0.0859375	0.0625	0.109375	0.1484375
P00729	0.31015037594	0.133458646617	0.206766917293	0.140977443609
P32558	0.176811594203	0.0898550724638	0.080193236715	0.0850241545894
Q12390	0.502145922747	0.068669527897	0.188841201717	0.1330472103
P04386	0.0	0.0	0.00340522133939	0.00681044267877
P0CX80	0.0	0.0	0.344262295082	0.311475409836
O13297	0.153005464481	0.180327868852	0.08014571949	0.111111111111
P47075	0.123439667129	0.116504854369	0.0804438280166	0.0762829403606
Q12284	0.367346938776	0.0	0.0714285714286	0.0969387755102
P05740	0.211956521739	0.0326086956522	0.211956521739	0.380434782609
P15700	0.529411764706	0.127450980392	0.161764705882	0.142156862745
P27705	0.0	0.00198412698413	0.0	0.0238095238095
P33891	0.700427960057	0.00570613409415	0.129814550642	0.124108416548
P09547	0.0403348554033	0.0	0.0205479452055	0.0167427701674
Q04491	0.0	0.491582491582	0.245791245791	0.20202020202
P53299	0.342857142857	0.0	0.0571428571429	0.0952380952381
P15202	0.299029126214	0.182524271845	0.254368932039	0.211650485437
P16862	0.384775808133	0.126173096976	0.149113660063	0.135557872784
P34216	0.0217233888487	0.0	0.00506879073135	0.00434467776973
P07834	0.0924261874198	0.261874197689	0.136071887035	0.0795892169448
P08153	0.015514809591	0.0112834978843	0.0211565585331	0.0183356840621
P38960	0.19028340081	0.0627530364372	0.0465587044534	0.0445344129555
Q08831	0.0879541108987	0.0	0.0344168260038	0.0325047801147
Q08199	0.458432304038	0.0	0.0807600950119	0.083135391924
Q06489	0.119221411192	0.14598540146	0.0827250608273	0.116788321168
Q99380	0.638888888889	0.0	0.111111111111	0.25
P20052	0.389078498294	0.00682593856655	0.136518771331	0.194539249147
P33203	0.0686106346484	0.0	0.0154373927959	0.0171526586621
P20606	0.263157894737	0.147368421053	0.189473684211	0.231578947368
P52286	0.360824742268	0.0670103092784	0.0979381443299	0.139175257732
P39078	0.492424242424	0.164772727273	0.160984848485	0.172348484848
P38129	0.124060150376	0.0125313283208	0.0200501253133	0.0112781954887
P38822	0.00473933649289	0.0410742496051	0.0173775671406	0.0221169036335
Q6Q546	0.219178082192	0.397260273973	0.260273972603	0.123287671233
P35997	0.0609756097561	0.219512195122	0.317073170732	0.390243902439
P39990	0.484126984127	0.15873015873	0.18253968254	0.166666666667
Q04195	0.0652654867257	0.103982300885	0.0674778761062	0.0730088495575
P40515	0.638709677419	0.0	0.0645161290323	0.0967741935484
P36070	0.580542264753	0.00637958532695	0.097288676236	0.0845295055821
P12612	0.420393559928	0.13595706619	0.207513416816	0.209302325581
Q01926	0.323404255319	0.0723404255319	0.0659574468085	0.0872340425532
P46995	0.0954979536153	0.0	0.0150068212824	0.0163710777626
P43593	0.286573146293	0.196392785571	0.10621242485	0.14629258517
Q07794	0.275229357798	0.192660550459	0.201834862385	0.233944954128
P02407	0.139705882353	0.0	0.235294117647	0.117647058824
P32790	0.0024115755627	0.0225080385852	0.016077170418	0.016077170418
P26784	0.517587939698	0.110552763819	0.201005025126	0.160804020101
Q06696	0.0441696113074	0.0918727915194	0.0547703180212	0.0388692579505
P39015	0.102564102564	0.0	0.0952380952381	0.18315018315
P28707	0.0	0.180555555556	0.143518518519	0.208333333333
P53038	0.577034883721	0.0	0.109011627907	0.145348837209
P47068	0.00259291270527	0.0276577355229	0.0138288677615	0.0121002592913
P22336	0.0209339774557	0.085346215781	0.037037037037	0.0402576489533
P38431	0.254320987654	0.0	0.0814814814815	0.0666666666667
Q06677	0.0494011976048	0.0	0.00748502994012	0.0134730538922
P39938	0.134453781513	0.176470588235	0.260504201681	0.243697478992
Q9ZZW7	0.214700193424	0.114119922631	0.0773694390716	0.0909090909091
Q12380	0.353741496599	0.204081632653	0.159863945578	0.19387755102
Q06592	0.365384615385	0.301282051282	0.141025641026	0.153846153846
P38701	0.0661157024793	0.165289256198	0.289256198347	0.396694214876
P47039	0.432432432432	0.13963963964	0.182432432432	0.20045045045
P25373	0.563636363636	0.163636363636	0.163636363636	0.1
P40217	0.0230547550432	0.507204610951	0.265129682997	0.190201729107
P20459	0.220394736842	0.115131578947	0.115131578947	0.0789473684211
Q12305	0.345323741007	0.122302158273	0.201438848921	0.194244604317
P40339	0.569659442724	0.0866873065015	0.170278637771	0.151702786378
P48589	0.314685314685	0.027972027972	0.216783216783	0.307692307692
P29055	0.260869565217	0.0376811594203	0.095652173913	0.142028985507
P38629	0.526470588235	0.0794117647059	0.191176470588	0.15
P21734	0.255813953488	0.116279069767	0.176744186047	0.144186046512
P40161	0.123076923077	0.226373626374	0.0835164835165	0.0791208791209
Q08278	0.342342342342	0.0	0.0630630630631	0.036036036036
P00447	0.50643776824	0.111587982833	0.150214592275	0.115879828326
P57744	0.494252873563	0.0	0.0344827586207	0.103448275862
P32591	0.0557575757576	0.0	0.0242424242424	0.0230303030303
Q12432	0.0598503740648	0.0798004987531	0.0972568578554	0.0972568578554
P33331	0.28	0.48	0.128	0.072
P40509	0.668918918919	0.0	0.212837837838	0.108108108108
P05373	0.397660818713	0.172514619883	0.24269005848	0.181286549708
P53865	0.263339070568	0.0	0.0172117039587	0.0516351118761
Q07923	0.376963350785	0.193717277487	0.214659685864	0.183246073298
P41832	0.121863799283	0.00204813108039	0.047619047619	0.0384024577573
Q3E792	0.12037037037	0.0	0.277777777778	0.185185185185
P53184	0.300925925926	0.268518518519	0.236111111111	0.194444444444
P34232	0.201086956522	0.271739130435	0.0815217391304	0.141304347826
P25443	0.275590551181	0.220472440945	0.161417322835	0.196850393701
P22219	0.0281980742779	0.138239339752	0.0577716643741	0.0563961485557
P36152	0.117816091954	0.0833333333333	0.0574712643678	0.0775862068966
P38913	0.395424836601	0.0947712418301	0.176470588235	0.264705882353
P32643	0.404682274247	0.220735785953	0.19397993311	0.177257525084
P43603	0.00653594771242	0.0610021786492	0.0283224400871	0.0305010893246
P25389	0.0385728061716	0.0337512054002	0.0221793635487	0.0202507232401
Q08484	0.361067503925	0.00313971742543	0.094191522763	0.0612244897959
P39958	0.343680709534	0.239467849224	0.221729490022	0.164079822616
P19658	0.568218298555	0.0	0.138041733547	0.117174959872
P39076	0.493358633776	0.170777988615	0.161290322581	0.157495256167
P53193	0.548913043478	0.0	0.0869565217391	0.179347826087
P07170	0.495495495495	0.166666666667	0.153153153153	0.175675675676
P01094	0.397058823529	0.0	0.0	0.0294117647059
P38630	0.262485481998	0.0348432055749	0.135888501742	0.0789779326365
Q01852	0.15313225058	0.146171693735	0.0440835266821	0.0626450116009
P32908	0.0938775510204	0.069387755102	0.0628571428571	0.0408163265306
P35729	0.216007714561	0.172613307618	0.155255544841	0.132111861138
P29509	0.288401253918	0.278996865204	0.241379310345	0.188087774295
P46675	0.192567567568	0.00225225225225	0.0405405405405	0.0427927927928
Q04773	0.427586206897	0.0137931034483	0.124137931034	0.234482758621
P05743	0.125984251969	0.188976377953	0.251968503937	0.275590551181
Q01560	0.0507246376812	0.0531400966184	0.0386473429952	0.0676328502415
P53617	0.193043478261	0.0	0.0382608695652	0.0226086956522
Q08687	0.404494382022	0.061797752809	0.14606741573	0.179775280899
P33317	0.047619047619	0.387755102041	0.197278911565	0.251700680272
Q06287	0.25	0.214285714286	0.198412698413	0.194444444444
Q3E835	0.711111111111	0.0444444444444	0.133333333333	0.0777777777778
P0C0W1	0.315384615385	0.261538461538	0.192307692308	0.223076923077
Q06505	0.263414634146	0.0	0.0439024390244	0.0609756097561
P40343	0.118971061093	0.0	0.0144694533762	0.0128617363344
P23561	0.0543933054393	0.0	0.0125523012552	0.0195258019526
P47047	0.404473438956	0.15284249767	0.168685927307	0.169617893756
Q12522	0.29387755102	0.25306122449	0.2	0.167346938776
P07236	0.339826839827	0.222943722944	0.17316017316	0.186147186147
P32492	0.159755268525	0.00135961930659	0.0244731475187	0.0360299116247
P39718	0.277777777778	0.122222222222	0.111111111111	0.133333333333
Q04178	0.339366515837	0.230769230769	0.140271493213	0.203619909502
Q12745	0.568406205924	0.0112834978843	0.152327221439	0.105782792666
P57743	0.134831460674	0.47191011236	0.112359550562	0.224719101124
Q05567	0.273344651952	0.0933786078098	0.202037351443	0.151103565365
P06104	0.337209302326	0.174418604651	0.209302325581	0.168604651163
P38011	0.0	0.30407523511	0.269592476489	0.407523510972
P35202	0.341692789969	0.297805642633	0.175548589342	0.184952978056
P32613	0.421052631579	0.197368421053	0.125	0.197368421053
P36037	0.278321678322	0.0223776223776	0.0741258741259	0.0671328671329
P04650	0.333333333333	0.0	0.235294117647	0.411764705882
P32939	0.269230769231	0.177884615385	0.158653846154	0.173076923077
Q03048	0.335664335664	0.300699300699	0.153846153846	0.13986013986
P40185	0.262068965517	0.268965517241	0.144827586207	0.186206896552
P13298	0.429203539823	0.234513274336	0.137168141593	0.154867256637
P0CX49	0.317204301075	0.145161290323	0.258064516129	0.274193548387
P35201	0.0	0.0983606557377	0.0364298724954	0.0327868852459
P36006	0.00235849056604	0.0220125786164	0.0141509433962	0.0149371069182
P25372	0.330708661417	0.204724409449	0.188976377953	0.110236220472
P10664	0.154696132597	0.0165745856354	0.256906077348	0.312154696133
P50102	0.288747346072	0.222929936306	0.174097664544	0.210191082803
P29340	0.311475409836	0.153005464481	0.284153005464	0.153005464481
P53220	0.0878661087866	0.200836820084	0.0878661087866	0.138075313808
P33307	0.672916666667	0.00625	0.160416666667	0.1125
Q12285	0.0754716981132	0.00471698113208	0.0471698113208	0.0990566037736
P26786	0.331578947368	0.205263157895	0.247368421053	0.194736842105
Q12405	0.382428940568	0.175710594315	0.198966408269	0.217054263566
P40056	0.0947368421053	0.0	0.00350877192982	0.00701754385965
P39104	0.0215759849906	0.0	0.0121951219512	0.015009380863
P40479	0.282296650718	0.0956937799043	0.167464114833	0.138755980861
P38251	0.457627118644	0.0875706214689	0.186440677966	0.16384180791
P38121	0.148936170213	0.167375886525	0.136170212766	0.16170212766
P07280	0.131944444444	0.0	0.368055555556	0.236111111111
P26321	0.13468013468	0.026936026936	0.47138047138	0.333333333333
P32477	0.393805309735	0.128318584071	0.252212389381	0.216814159292
P33299	0.0985010706638	0.00428265524625	0.0299785867238	0.0235546038544
P35187	0.0373185901866	0.0	0.00898410504492	0.00967519004838
P50861	0.473372781065	0.159763313609	0.171597633136	0.189349112426
Q08387	0.0593220338983	0.0190677966102	0.0783898305085	0.0942796610169
Q08285	0.179166666667	0.191666666667	0.1875	0.170833333333
Q12334	0.533632286996	0.0	0.192825112108	0.224215246637
P15807	0.430656934307	0.175182481752	0.189781021898	0.200729927007
P40087	0.0397196261682	0.119158878505	0.053738317757	0.053738317757
P38061	0.130769230769	0.0307692307692	0.423076923077	0.376923076923
P33324	0.509677419355	0.106451612903	0.206451612903	0.167741935484
Q05506	0.599670510708	0.110378912685	0.135090609555	0.153212520593
P53622	0.128226477935	0.0241465445462	0.0516236469609	0.0482930890924
P0CX33	0.269841269841	0.015873015873	0.206349206349	0.460317460317
P32471	0.0825242718447	0.199029126214	0.0922330097087	0.0631067961165
Q03630	0.295597484277	0.14465408805	0.194968553459	0.264150943396
Q12315	0.407063197026	0.00743494423792	0.0650557620818	0.0687732342007
P0CX43	0.0783410138249	0.0	0.470046082949	0.433179723502
Q02555	0.0700636942675	0.0403397027601	0.0191082802548	0.0424628450106
P40969	0.605263157895	0.00986842105263	0.111842105263	0.128289473684
P05745	0.56	0.01	0.18	0.24
P40581	0.282208588957	0.196319018405	0.19018404908	0.208588957055
P40363	0.354515050167	0.230769230769	0.217391304348	0.170568561873
Q02939	0.0526315789474	0.037037037037	0.0175438596491	0.0136452241715
P53112	0.0	0.0	0.0	0.0293255131965
P11927	0.0300230946882	0.0	0.00230946882217	0.0115473441109
P38555	0.260089686099	0.183856502242	0.103139013453	0.188340807175
O94742	0.191011235955	0.0224719101124	0.0674157303371	0.247191011236
P0CX45	0.011811023622	0.0826771653543	0.393700787402	0.433070866142
P07274	0.34126984127	0.333333333333	0.190476190476	0.126984126984
P32318	0.315950920245	0.177914110429	0.217791411043	0.230061349693
P0C0V8	0.172413793103	0.137931034483	0.298850574713	0.390804597701
P32588	0.0419426048565	0.0684326710817	0.0353200883002	0.0286975717439
P0CX47	0.0448717948718	0.339743589744	0.230769230769	0.320512820513
P32774	0.327868852459	0.311475409836	0.0737704918033	0.114754098361
P36161	0.124459809853	0.0103716508211	0.0293863439931	0.019014693172
Q3E841	0.214285714286	0.34693877551	0.163265306122	0.275510204082
Q01080	0.289156626506	0.0409638554217	0.0867469879518	0.110843373494
P35718	0.0896226415094	0.429245283019	0.165094339623	0.160377358491
P46948	0.284552845528	0.29674796748	0.158536585366	0.142276422764
Q3E840	0.19512195122	0.292682926829	0.243902439024	0.268292682927
P35193	0.0	0.00481927710843	0.0	0.00481927710843
P41903	0.0372492836676	0.131805157593	0.054441260745	0.0515759312321
P38158	0.0	0.0	0.00171232876712	0.013698630137
P47160	0.237745098039	0.00490196078431	0.046568627451	0.0441176470588
P07272	0.033185840708	0.00442477876106	0.0121681415929	0.0276548672566
Q02336	0.117511520737	0.0	0.0437788018433	0.0414746543779
P38197	0.408560311284	0.163424124514	0.124513618677	0.190661478599
P07270	0.128205128205	0.0	0.0384615384615	0.0352564102564
P38247	0.259259259259	0.222222222222	0.16049382716	0.222222222222
Q3E829	0.5	0.05	0.15	0.2
P05756	0.53642384106	0.00662251655629	0.205298013245	0.245033112583
P17555	0.00570342205323	0.188212927757	0.0494296577947	0.0532319391635
P49723	0.0	0.0	0.0	0.0173913043478
P40554	0.222222222222	0.252525252525	0.313131313131	0.212121212121
Q05543	0.256723716381	0.0	0.0464547677262	0.0293398533007
Q08685	0.27191011236	0.274157303371	0.191011235955	0.224719101124
P06244	0.261964735516	0.128463476071	0.176322418136	0.188916876574
P54860	0.649323621228	0.0187304890739	0.182101977107	0.135275754422
P33411	0.410358565737	0.00796812749004	0.0756972111554	0.0996015936255
P11433	0.0327868852459	0.0327868852459	0.0187353629977	0.0304449648712
Q03774	0.0630630630631	0.407657657658	0.209459459459	0.166666666667
P36017	0.3	0.219047619048	0.157142857143	0.133333333333
P39956	0.0954773869347	0.108040201005	0.0879396984925	0.0829145728643
P36075	0.0699774266366	0.0	0.0225733634312	0.0180586907449
Q02884	0.164473684211	0.138157894737	0.109649122807	0.0767543859649
P0C2H6	0.264705882353	0.272058823529	0.25	0.205882352941
P04807	0.421810699588	0.166666666667	0.203703703704	0.172839506173
P22515	0.400390625	0.1669921875	0.1875	0.2275390625
P46674	0.0392006149116	0.0	0.000768639508071	0.00153727901614
P25491	0.039119804401	0.102689486553	0.0464547677262	0.0929095354523
P01123	0.291262135922	0.150485436893	0.155339805825	0.208737864078
P16861	0.3515704154	0.13475177305	0.151975683891	0.121580547112
Q12189	0.27519379845	0.267441860465	0.232558139535	0.15503875969
P00045	0.41592920354	0.0176991150442	0.212389380531	0.345132743363
P35169	0.0080971659919	0.0	0.00283400809717	0.00242914979757
P48836	0.324561403509	0.0	0.0	0.0526315789474
P15424	0.355421686747	0.129518072289	0.15813253012	0.123493975904
P36088	0.377777777778	0.238888888889	0.188888888889	0.172222222222
Q04439	0.00246103363413	0.0229696472518	0.0106644790812	0.0114848236259
P06787	0.605442176871	0.0816326530612	0.122448979592	0.183673469388
Q3E7X9	0.0	0.432835820896	0.238805970149	0.268656716418
P0CX51	0.321678321678	0.188811188811	0.251748251748	0.223776223776
P38874	0.2071197411	0.190938511327	0.15857605178	0.15857605178
Q03161	0.0976430976431	0.478114478114	0.208754208754	0.181818181818
Q08225	0.466947960619	0.147679324895	0.209563994374	0.174402250352
P53078	0.467857142857	0.0892857142857	0.196428571429	0.203571428571
P23776	0.34375	0.113839285714	0.261160714286	0.191964285714
P15303	0.3125	0.23828125	0.19921875	0.184895833333
Q12449	0.105714285714	0.137142857143	0.0857142857143	0.0857142857143
P22202	0.00467289719626	0.0	0.0	0.00623052959502
P09938	0.551378446115	0.0	0.117794486216	0.127819548872
Q08204	0.0494053064959	0.0	0.00274473924977	0.00274473924977
P15436	0.312670920693	0.180492251595	0.148587055606	0.164995442115
P11938	0.111245465538	0.00241837968561	0.0314389359129	0.037484885127
P47096	0.124293785311	0.378531073446	0.214689265537	0.248587570621
Q12230	0.530791788856	0.0	0.0322580645161	0.0645161290323
P11076	0.28729281768	0.232044198895	0.226519337017	0.132596685083
Q12009	0.251748251748	0.171328671329	0.143356643357	0.136363636364
P48415	0.103872437358	0.00774487471526	0.0305239179954	0.0332574031891
P00359	0.319277108434	0.265060240964	0.234939759036	0.180722891566
Q12461	0.474860335196	0.0195530726257	0.162011173184	0.142458100559
P38782	0.105084745763	0.0	0.176271186441	0.0677966101695
P41805	0.230769230769	0.253393665158	0.217194570136	0.253393665158
Q07951	0.156424581006	0.201117318436	0.0837988826816	0.150837988827
P32912	0.132911392405	0.0506329113924	0.0601265822785	0.126582278481
P32909	0.0364864864865	0.0243243243243	0.0202702702703	0.0256756756757
P36116	0.0609756097561	0.0	0.030487804878	0.0487804878049
P04911	0.0	0.00757575757576	0.0	0.030303030303
P51534	0.65525982256	0.0	0.187579214195	0.103929024081
P38993	0.0927672955975	0.312893081761	0.187106918239	0.238993710692
Q12045	0.187017001546	0.108191653787	0.0664605873261	0.0819165378671
P54885	0.399122807018	0.168859649123	0.140350877193	0.160087719298
P40513	0.338345864662	0.165413533835	0.0789473684211	0.0902255639098
P31109	0.470085470085	0.0	0.00854700854701	0.017094017094
P42938	0.420689655172	0.18275862069	0.210344827586	0.151724137931
P17695	0.440559440559	0.125874125874	0.132867132867	0.0839160839161
Q03723	0.16265060241	0.0753012048193	0.0903614457831	0.132530120482
P25502	0.0347293156282	0.00102145045965	0.0102145045965	0.026557711951
P07276	0.0	0.000969932104753	0.00484966052376	0.0135790494665
Q12341	0.29679144385	0.229946524064	0.155080213904	0.136363636364
P07213	0.583468395462	0.0	0.118314424635	0.0875202593193
P39678	0.0420168067227	0.0300120048019	0.0384153661465	0.0372148859544
P38633	0.40157480315	0.0157480314961	0.165354330709	0.157480314961
P40040	0.123853211009	0.0	0.0275229357798	0.045871559633
P46680	0.00975609756098	0.523577235772	0.271544715447	0.180487804878
P80428	0.300613496933	0.169734151329	0.21472392638	0.19427402863
P39993	0.0897875257025	0.00137080191912	0.0267306374229	0.0267306374229
Q04338	0.400921658986	0.0	0.00921658986175	0.0276497695853
P36105	0.391304347826	0.246376811594	0.18115942029	0.173913043478
P27692	0.0564440263405	0.0432737535278	0.0423330197554	0.038570084666
Q04087	0.0835734870317	0.0	0.0	0.00576368876081
P69771	0.0539215686275	0.0	0.0147058823529	0.0147058823529
P40073	0.00817438692098	0.0871934604905	0.0435967302452	0.0408719346049
P41920	0.0945273631841	0.298507462687	0.129353233831	0.129353233831
P38765	0.261904761905	0.394557823129	0.187074829932	0.15306122449
P14907	0.0	0.0	0.0	0.00729040097205
P32602	0.743150684932	0.0	0.130136986301	0.0890410958904
P33298	0.0981308411215	0.00467289719626	0.0327102803738	0.0257009345794
P87262	0.347107438017	0.099173553719	0.190082644628	0.289256198347
P14242	0.14089347079	0.103092783505	0.085910652921	0.0641466208477
P41921	0.337474120083	0.244306418219	0.198757763975	0.173913043478
P87108	0.559139784946	0.0	0.0860215053763	0.0967741935484
P33334	0.0501450476585	0.0194778284293	0.0203066721923	0.0157480314961
Q08971	0.486301369863	0.0684931506849	0.301369863014	0.143835616438
P14832	0.148148148148	0.333333333333	0.296296296296	0.216049382716
P50106	0.240875912409	0.043795620438	0.0583941605839	0.102189781022
P0CX27	0.0566037735849	0.122641509434	0.188679245283	0.528301886792
P40043	0.260869565217	0.310559006211	0.223602484472	0.111801242236
P30771	0.271884654995	0.143151390319	0.165808444902	0.197734294542
P20449	0.302904564315	0.136929460581	0.199170124481	0.168049792531
Q02793	0.0428211586902	0.496221662469	0.239294710327	0.173803526448
P38075	0.254385964912	0.311403508772	0.175438596491	0.15350877193
P38632	0.479400749064	0.0674157303371	0.157303370787	0.247191011236
Q08826	0.327160493827	0.172839506173	0.154320987654	0.172839506173
P32793	0.00641025641026	0.0598290598291	0.0277777777778	0.0277777777778
P32861	0.282565130261	0.254509018036	0.188376753507	0.206412825651
P35195	0.394230769231	0.307692307692	0.134615384615	0.163461538462
Q3E7C1	0.388888888889	0.25	0.0833333333333	0.180555555556
P53847	0.2824933687	0.0358090185676	0.0623342175066	0.0344827586207
P41277	0.392	0.18	0.24	0.188
Q12369	0.0665961945032	0.0	0.00528541226216	0.00528541226216
P32501	0.178370786517	0.0	0.0266853932584	0.0210674157303
Q07350	0.0789473684211	0.127819548872	0.12030075188	0.203007518797
P13045	0.421153846154	0.175	0.167307692308	0.192307692308
P02400	0.0	0.0	0.00909090909091	0.0454545454545
P47102	0.0909090909091	0.00142045454545	0.0241477272727	0.0220170454545
Q05905	0.0573770491803	0.483606557377	0.233606557377	0.225409836066
Q02159	0.351515151515	0.157575757576	0.290909090909	0.193939393939
P18759	0.0395778364116	0.0923482849604	0.0488126649077	0.0514511873351
Q04371	0.546808510638	0.102127659574	0.197872340426	0.13829787234
Q02784	0.373333333333	0.146666666667	0.133333333333	0.0866666666667
P21827	0.0850622406639	0.367219917012	0.236514522822	0.215767634855
Q01590	0.0441176470588	0.00294117647059	0.00294117647059	0.0117647058824
D6VTK4	0.141531322506	0.0	0.0116009280742	0.0324825986079
P40357	0.1044546851	0.0	0.0	0.00307219662058
P0CX31	0.377777777778	0.214814814815	0.185185185185	0.214814814815
P32495	0.410256410256	0.0897435897436	0.134615384615	0.141025641026
P36015	0.24	0.185	0.15	0.1
P36141	0.315789473684	0.142857142857	0.323308270677	0.218045112782
Q01477	0.015350877193	0.00328947368421	0.00438596491228	0.00438596491228
P19880	0.0169230769231	0.0	0.0169230769231	0.02
P09959	0.0498132004981	0.0323785803238	0.0249066002491	0.027397260274
Q12438	0.229437229437	0.0995670995671	0.0865800865801	0.0735930735931
P60010	0.421333333333	0.197333333333	0.205333333333	0.168
P25638	0.63963963964	0.0	0.234234234234	0.126126126126
P32368	0.216693418941	0.22150882825	0.141252006421	0.152487961477
O13563	0.0	0.24358974359	0.166666666667	0.205128205128
P02293	0.526717557252	0.0	0.0916030534351	0.106870229008
P40348	0.521246458924	0.0679886685552	0.172804532578	0.167138810198
P49954	0.281786941581	0.250859106529	0.164948453608	0.233676975945
P32569	0.202328966521	0.00582241630277	0.123726346434	0.131004366812
P16622	0.432569974555	0.124681933842	0.180661577608	0.167938931298
P53196	0.0119904076739	0.498800959233	0.31175059952	0.177458033573
P38261	0.236387782205	0.0	0.0239043824701	0.0278884462151
P38804	0.297297297297	0.153153153153	0.216216216216	0.333333333333
P38181	0.107856191744	0.0	0.0252996005326	0.0319573901465
P00958	0.109187749667	0.0106524633822	0.0412782956059	0.051930758988
P30822	0.737084870849	0.00553505535055	0.119003690037	0.080258302583
P04449	0.0451612903226	0.0258064516129	0.135483870968	0.174193548387
P32906	0.464480874317	0.105646630237	0.185792349727	0.173041894353
P53228	0.576576576577	0.117117117117	0.0960960960961	0.162162162162
P36108	0.0818965517241	0.0	0.0258620689655	0.0689655172414
P06780	0.33971291866	0.205741626794	0.162679425837	0.157894736842
P11484	0.249592169657	0.176182707993	0.119086460033	0.0799347471452
P02294	0.534351145038	0.030534351145	0.0534351145038	0.0916030534351
P36068	0.674796747967	0.00813008130081	0.0813008130081	0.146341463415
P10591	0.0	0.0	0.0	0.00623052959502
Q06525	0.0688172043011	0.0	0.0344086021505	0.0150537634409
P36421	0.464467005076	0.0939086294416	0.152284263959	0.149746192893
Q04372	0.439890710383	0.0	0.0792349726776	0.0792349726776
Q99220	0.0461254612546	0.0885608856089	0.0516605166052	0.0571955719557
Q02647	0.358695652174	0.391304347826	0.0760869565217	0.108695652174
P54787	0.0709534368071	0.0	0.0155210643016	0.0133037694013
P04397	0.238912732475	0.301859799714	0.220314735336	0.203147353362
Q04868	0.318681318681	0.21978021978	0.230769230769	0.223443223443
P40545	0.318007662835	0.23754789272	0.187739463602	0.149425287356
P43567	0.405194805195	0.148051948052	0.241558441558	0.194805194805
Q06892	0.18115942029	0.294685990338	0.176328502415	0.217391304348
P53738	0.333333333333	0.17037037037	0.244444444444	0.251851851852
P32524	0.271428571429	0.00357142857143	0.103571428571	0.075
Q08179	0.256544502618	0.0174520069808	0.0575916230366	0.064572425829
P53615	0.452488687783	0.149321266968	0.153846153846	0.135746606335
P05744	0.0467289719626	0.476635514019	0.252336448598	0.214953271028
Q12255	0.158102766798	0.0948616600791	0.189723320158	0.146245059289
P14306	0.155251141553	0.310502283105	0.196347031963	0.269406392694
P35189	0.0	0.225409836066	0.122950819672	0.155737704918
P04147	0.0987868284229	0.0	0.0277296360485	0.0329289428076
Q04066	0.455938697318	0.16091954023	0.16091954023	0.222222222222
P43585	0.106280193237	0.0917874396135	0.06038647343	0.0809178743961
Q04839	0.122340425532	0.0	0.0	0.0106382978723
P0CX53	0.0969696969697	0.0121212121212	0.369696969697	0.357575757576
P20081	0.131578947368	0.385964912281	0.263157894737	0.210526315789
Q01574	0.249649368864	0.179523141655	0.232819074334	0.200561009818
P34217	0.0	0.0	0.0	0.0149700598802
P53044	0.1108033241	0.193905817175	0.1108033241	0.160664819945
P40019	0.130718954248	0.0	0.117647058824	0.156862745098
Q05583	0.0	0.533333333333	0.215151515152	0.184848484848
P53043	0.210526315789	0.120857699805	0.142300194932	0.140350877193
P47061	0.177615571776	0.0	0.029197080292	0.0425790754258
P38291	0.271428571429	0.278571428571	0.0571428571429	0.157142857143
P16120	0.447470817121	0.126459143969	0.208171206226	0.208171206226
P39940	0.223733003708	0.0729295426452	0.112484548826	0.100123609394
P53271	0.465648854962	0.0	0.0648854961832	0.0572519083969
P25623	0.00344827586207	0.174712643678	0.0632183908046	0.0597701149425
Q12038	0.0764762826718	0.37366892546	0.200387221684	0.19651500484
Q08231	0.632967032967	0.0263736263736	0.171428571429	0.158241758242
P47043	0.025	0.00454545454545	0.0125	0.0306818181818
P38720	0.558282208589	0.0899795501022	0.151329243354	0.173824130879
P07278	0.170673076923	0.1875	0.132211538462	0.100961538462
P25298	0.0339734121123	0.00147710487445	0.00590841949778	0.0177252584934
P32504	0.257322175732	0.0271966527197	0.097280334728	0.0910041841004
P04819	0.00529801324503	0.00264900662252	0.0	0.00662251655629
P41734	0.483193277311	0.126050420168	0.189075630252	0.201680672269
P06700	0.208185053381	0.120996441281	0.115658362989	0.135231316726
P08018	0.0	0.0	0.0	0.0134730538922
P19146	0.331491712707	0.281767955801	0.204419889503	0.160220994475
P32916	0.0885668276973	0.0563607085346	0.048309178744	0.0434782608696
P48606	0.820754716981	0.0	0.0660377358491	0.0754716981132
Q03835	0.140350877193	0.101754385965	0.0701754385965	0.0631578947368
O74700	0.609195402299	0.0	0.0689655172414	0.114942528736
Q12241	0.282685512367	0.0	0.0318021201413	0.0282685512367
P19736	0.416981132075	0.0188679245283	0.141509433962	0.109433962264
P38753	0.161504424779	0.0	0.0221238938053	0.0110619469027
P32377	0.396464646465	0.20202020202	0.204545454545	0.184343434343
Q12102	0.179278230501	0.13736903376	0.135040745052	0.129220023283
Q12446	0.0	0.0	0.0	0.0173775671406
P42939	0.445544554455	0.019801980198	0.0891089108911	0.227722772277
P42844	0.132183908046	0.16091954023	0.137931034483	0.14367816092
P25554	0.374517374517	0.204633204633	0.216216216216	0.15444015444
P39009	0.0	0.122807017544	0.0818713450292	0.0701754385965
P13188	0.158220024722	0.0	0.0383189122373	0.0333745364648
P53218	0.259493670886	0.291139240506	0.215189873418	0.170886075949
Q12690	0.376884422111	0.0753768844221	0.185929648241	0.336683417085
Q06697	0.127226463104	0.0839694656489	0.106870229008	0.089058524173
P38827	0.0398148148148	0.0277777777778	0.0185185185185	0.0194444444444
P53550	0.0412371134021	0.0340206185567	0.0329896907216	0.0412371134021
Q06339	0.0639880952381	0.261904761905	0.183035714286	0.188988095238
Q12292	0.0	0.0655339805825	0.0631067961165	0.121359223301
P08417	0.573770491803	0.0676229508197	0.143442622951	0.137295081967
P15731	0.358108108108	0.222972972973	0.236486486486	0.182432432432
Q02948	0.132854578097	0.0592459605027	0.048473967684	0.0574506283662
Q05636	0.262295081967	0.27868852459	0.140983606557	0.167213114754
P22203	0.248927038627	0.0	0.0128755364807	0.0343347639485
P40893	0.0151515151515	0.545454545455	0.181818181818	0.191919191919
P29547	0.306024096386	0.0289156626506	0.0963855421687	0.0963855421687
